{"stat":{"time":"2014-01-12 08:59:28 GMT","lati":20.24000,"long":3.25230,"alti":145,"rxnb":2,"rxok":2,"rxfw":2,"ackr":100.0,"dwnb":2,"t$xnb":2}}